{
  "part": "plate",
  "units": "mm",
  "features": [
    {
      "op": "sketch",
      "plane": "XY",
      "geometry": [
        {
          "shape": "rectangle",
          "params": {
            "origin": "LL",
            "x0": 0,
            "y0": 0,
            "length": 100,
            "width": 30
          }
        }
      ]
    },
    {
      "op": "pad",
      "thickness": 20
    },
    {
      "op": "hole",
      "diameter": 10,
      "position": {
        "type": "xy",
        "x": 15.0,
        "y": 20.0
      }
    }
  ]
}